1,Gavin,Rangeley,grangeley0@vimeo.com,0 Fisk Avenue,428 Surrey Street,,2/19/2019,927-772-7060,huffingtonpost.com/ultrices/posuere/cubilia/curae.jsp,214.53.129.177
2,Pepita,Cornels,pcornels1@ucla.edu,2179 Schmedeman Pass,928 Butterfield Parkway,88-405,9/29/2019,333-710-6885,ask.com/consectetuer/adipiscing/elit/proin/interdum/mauris.xml,110.127.111.125
3,Levi,Golly,lgolly2@tamu.edu,1951 Thompson Pass,40845 Harper Drive,,6/19/2019,242-199-8290,pbs.org/pharetra/magna/ac.png,107.241.183.246
4,Leland,Szwarc,lszwarc3@ftc.gov,445 Southridge Terrace,8 Stephen Plaza,47951,11/23/2018,296-549-8685,webs.com/ligula/suspendisse/ornare/consequat/lectus/in.jsp,209.57.164.241
5,Cherye,Thalmann,cthalmann4@walmart.com,507 Banding Trail,036 Sutteridge Avenue,8364,3/10/2019,750-592-4560,gravatar.com/et/commodo/vulputate/justo/in.png,136.98.23.39
6,Brietta,Harmstone,bharmstone5@nbcnews.com,7 Rowland Avenue,34 Marcy Hill,E32,4/15/2019,817-719-3004,youku.com/vestibulum.jsp,1.154.66.89
7,Sharity,Le Guin,sleguin6@friendfeed.com,4244 Commercial Crossing,20 Mesta Street,,10/12/2018,823-737-9936,themeforest.net/in/quis/justo/maecenas.png,69.1.110.157
8,Valencia,Bolstridge,vbolstridge7@shareasale.com,38 Harper Center,24 Roxbury Alley,,9/9/2019,821-222-3253,house.gov/quis/justo/maecenas/rhoncus.xml,215.26.205.212
9,Nealy,Bricknall,nbricknall8@cbslocal.com,452 Sullivan Plaza,82 Kipling Pass,88390-000,1/26/2019,778-698-6432,buzzfeed.com/tortor/id/nulla/ultrices.aspx,187.44.84.123
10,Brendin,Honacker,bhonacker9@fema.gov,5 Lighthouse Bay Road,4 Garrison Circle,94297,5/10/2019,916-365-3872,ow.ly/quis/justo/maecenas.js,118.37.41.0
11,Gabriello,Robion,grobiona@alexa.com,3 Pennsylvania Trail,6 Dexter Hill,,7/17/2019,678-255-2993,histats.com/velit/vivamus/vel/nulla/eget.html,39.211.5.121
12,Stanton,Jenk,sjenkb@blinklist.com,802 Veith Crossing,2150 Clemons Pass,1770,6/16/2019,570-246-2616,tinyurl.com/odio.png,172.243.75.170
13,Larina,Churching,lchurchingc@washington.edu,95 Nancy Plaza,288 Hintze Crossing,,10/18/2018,471-613-7083,blogger.com/nisi/venenatis/tristique/fusce/congue.jsp,55.168.183.90
14,Maurita,Dimitrescu,mdimitrescud@wikispaces.com,40770 Dixon Circle,841 Northridge Street,,10/24/2018,614-656-1562,elegantthemes.com/commodo/placerat.png,195.214.19.37
15,Odie,Waplington,owaplingtone@stanford.edu,57 David Pass,55053 Barnett Avenue,65213-000,9/18/2019,490-479-8239,howstuffworks.com/convallis/nulla/neque.png,19.68.119.230
16,Elli,Dullingham,edullinghamf@google.co.uk,9043 Arapahoe Pass,73493 Eastwood Crossing,,3/7/2019,535-952-4310,photobucket.com/amet/justo/morbi/ut/odio/cras/mi.aspx,80.152.101.110
17,Lonni,Trodler,ltrodlerg@simplemachines.org,4775 Vahlen Circle,986 Colorado Drive,,5/1/2019,924-596-1921,cnn.com/rhoncus/dui/vel.jpg,208.98.76.50
18,Philomena,Ing,pingh@51.la,5 Declaration Circle,82664 Cascade Place,,1/30/2019,567-126-7620,networksolutions.com/eget/rutrum/at/lorem/integer.js,70.41.162.61
19,Siouxie,Cottrill,scottrilli@google.co.uk,8137 Gateway Junction,11 Ridge Oak Center,3300,4/22/2019,868-283-5875,desdev.cn/est/risus/auctor.json,205.27.229.81
20,Noak,McInility,nmcinilityj@1688.com,11377 Express Lane,793 Village Green Lane,17580-000,3/30/2019,482-838-1744,earthlink.net/cum/sociis.jsp,91.5.194.154
21,Kaylyn,Dmitrievski,kdmitrievskik@usa.gov,4646 Charing Cross Terrace,0902 Glendale Circle,,9/22/2019,866-266-8476,nytimes.com/sapien/non/mi/integer/ac/neque/duis.js,89.72.190.62
22,Ganny,Hubbold,ghubboldl@fc2.com,85 Golf Course Parkway,0 Michigan Junction,K8P,2/11/2019,757-443-8093,last.fm/massa/id/lobortis.png,121.248.40.186
23,Ettore,Ludye,eludyem@prlog.org,7645 Old Shore Trail,28427 Emmet Road,,1/14/2019,381-513-0269,wunderground.com/eleifend/quam/a/odio.json,109.234.225.64
24,Aeriela,Ludlem,aludlemn@arizona.edu,82 Northridge Park,22133 Grim Park,,1/19/2019,892-822-2339,reddit.com/sapien/quis/libero/nullam/sit/amet/turpis.png,210.114.151.37
25,Delly,Sautter,dsauttero@guardian.co.uk,737 Sullivan Junction,42986 Logan Way,,4/2/2019,963-523-8707,msn.com/placerat/ante/nulla/justo/aliquam/quis/turpis.png,56.191.145.233
